year,price,dividend,earnings,book.to.market.ratio,treasury.bill,aaa.rate,baa.rate,long.term.yield,consumption.wealth.income.ratio,net.equity.expansion,risk.free.rate,inflation,percent.equity.issuing,long.term.rate,corporate.bond.returns,stock.variance,cross.sectional.premium,investment.to.capital.ratio,stock.returns.crsp.vw,stock.returns.crsp.vwx
1871,4.74,0.26,0.4,,,,,,,,0.0573367213908049,,,,,,,,,
1872,5.07,0.3,0.43,,,,,,,,0.0718986642562909,,,,,,,,,
1873,4.42,0.33,0.46,,,,,,,,0.0866190390658323,,,,,,,,,
1874,4.54,0.33,0.46,,,,,,,,0.0485442295171346,,,,,,,,,
1875,4.37,0.3,0.36,,,,,,,,0.0438092722204594,,,,,,,,,
1876,3.58,0.3,0.28,,,,,,,,0.0410663304785924,,,,,,,,,
1877,3.25,0.19,0.3,,,,,,,,0.0414619926020302,,,,,,,,,
1878,3.45,0.18,0.31,,,,,,,,0.0381467815712697,,,,,,,,,
1879,4.92,0.2,0.38,,,,,,,,0.0404115021103676,,,,,,,,,
1880,5.84,0.26,0.49,,,,,,,,0.0418766971323044,,,,,,,,,
1881,6.01,0.32,0.44,,,,,,,,0.0416246295419131,,,,,,,,,
1882,5.84,0.32,0.43,,,,,,,,0.0455519989273287,,,,,,,,,
1883,5.34,0.33,0.4,,,,,,,,0.0453985986220331,,,,,,,,,
1884,4.34,0.31,0.31,,,,,,,,0.0416707654962327,,,,,,,,,
1885,5.2,0.24,0.27,,,,,,,,0.0315919296104725,,,,,0.02373890328747,,,,
1886,5.64,0.22,0.33,,,,,,,,0.0377705723425341,,,,,0.01645860214014,,,,
1887,5.27,0.25,0.36,,,,,,,,0.0464932213167703,,,,,0.01829845982459,,,,
1888,5.14,0.23,0.26,,,,,,,,0.0388906336864273,,,,,0.01285060194772,,,,
1889,5.32,0.22,0.3,,,,,,,,0.0386686153050894,,,,,0.00687403752511,,,,
1890,4.6,0.22,0.29,,,,,,,,0.04533864491883,,,,,0.02262105886176,,,,
1891,5.41,0.22,0.34,,,,,,,,0.0432960453667795,,,,,0.01612353170027,,,,
1892,5.51,0.24,0.37,,,,,,,,0.0320466985452697,,,,,0.01088615975763,,,,
1893,4.41,0.25,0.26,,,,,,,,0.0556631851761507,,,,,0.05458439037797,,,,
1894,4.3,0.21,0.16,,,,,,,,0.0226099058191274,,,,,0.01673873834532,,,,
1895,4.32,0.19,0.25,,,,,,,,0.0281754638602514,,,,,0.02868970573088,,,,
1896,4.22,0.18,0.21,,,,,,,,0.0469870618581403,,,,,0.04643323450852,,,,
1897,4.75,0.18,0.31,,,,,,,,0.026659968000421,,,,,0.0227515174437,,,,
1898,5.65,0.2,0.35,,,,,,,,0.0294411854086873,,,,,0.03242440785725,,,,
1899,6.02,0.21,0.48,,,,,,,,0.0324138819419666,,,,,0.02709654190162,,,,
1900,6.87,0.3,0.48,,,,,,,,0.0344398197026386,,,,,0.01716011439899,,,,
1901,7.95,0.32,0.5,,,,,,,,0.0335568134991722,,,,,0.03729298657158,,,,
1902,8.05,0.33,0.63,,,,,,,,0.0391840449788313,,,,,0.0133930277132,,,,
1903,6.57,0.35,0.53,,,,,,,,0.0440457169295431,,,,,0.02474558190041,,,,
1904,8.25,0.31,0.49,,,,,,,,0.0328651191902331,,,,,0.01266884004783,,,,
1905,9.54,0.33,0.67,,,,,,,,0.034593487848611,,,,,0.01563700540691,,,,
1906,9.84,0.4,0.76,,,,,,,,0.0458760274211673,,,,,0.01709192389358,,,,
1907,6.57,0.44,0.66,,,,,,,,0.0517253421848234,,,,,0.04797905727385,,,,
1908,9.03,0.4,0.58,,,,,,,,0.0343423474579091,,,,,0.02005210937404,,,,
1909,10.3,0.44,0.76,,,,,,,,0.0308549916491394,,,,,0.01003485566272,,,,
1910,9.05,0.47,0.73,,,,,,,,0.0400087128488644,,,,,0.01890777505037,,,,
1911,9.11,0.47,0.59,,,,,,,,0.0312903890228458,,,,,0.00778357376721,,,,
1912,9.38,0.48,0.7,,,,,,,,0.0376018730977348,,,,,0.00645429549592,,,,
1913,8.04,0.48,0.63,,,,,,,,0.0450163425776369,0.0204081632653061,,,,0.01067534340609,,,,
1914,7.35,0.42,0.52,,,,,,,,0.0380194691581219,0.00963608420374973,,,,0.01160055855279,,,,
1915,9.48,0.43,0.88,,,,,,,,0.0261741390421821,0.0195142948358646,,,,0.0191049431068,,,,
1916,9.8,0.56,1.53,,,,,,,,0.0259531726175912,0.115354582736996,,,,0.01783247429426,,,,
1917,6.8,0.69,1.28,,,,,,,,0.0375587535555853,0.182506984433655,,,,0.03556156759203,,,,
1918,7.9,0.57,0.99,,,,,,,,0.0475307608605147,0.202771442427555,,,,0.01536125796346,,,,
1919,8.92,0.53,0.93,,,0.0573,0.0777,0.049,,,0.0435977552723697,0.145753222442875,,,,0.02454079230152,,,,
1920,6.81,0.51,0.8,,0.0588,0.0626,0.0856,0.054,,,0.0541100519543805,0.0212383223882171,,,,0.03340779962038,,,,
1921,7.31,0.46,0.29,0.596534653465347,0.039,0.055,0.0761,0.0447,,,0.0481852661342905,-0.1078699548993,,,,0.01901912035538,,,,
1922,8.78,0.51,0.69,0.472649485586228,0.0365,0.0508,0.0702,0.0432,,,0.0346662675665424,-0.0254839021753211,,,,0.01471310118995,,,,
1923,8.55,0.53,0.98,0.540201005025126,0.0388,0.0509,0.0738,0.0435,,,0.0392439772218308,0.0256188542858033,,,,0.0156969065127,,,,
1924,10.16,0.55,0.93,0.458883080242304,0.0257,0.0495,0.0646,0.0396,,,0.0270511019717481,-0.00199317365208185,,,,0.01072156165126,,,,
1925,12.46,0.6,1.25,0.389378271415805,0.0351,0.0485,0.0615,0.038,,,0.0302197395853043,0.0383283257361995,,,,0.01352850555316,,,,
1926,13.49,0.69,1.24,0.44147582697201,0.0307,0.0468,0.0568,0.0354,,0.0756585185859186,0.0322813991085877,-0.0150973836945688,,0.0776952394616015,0.0737444051490779,0.01848586987547,,,0.121939413297103,0.0656407176534166
1927,17.66,0.77,1.11,0.374688589935227,0.0317,0.0446,0.0532,0.0316,,0.0691072642837804,0.0309099605292477,-0.0211756023402708,0.26551235442726,0.0894486276224968,0.0744363693933998,0.01127336397079,,,0.35796543080361,0.293718734449884
1928,24.35,0.85,1.38,0.259666666666667,0.0426,0.0461,0.056,0.034,,0.0260785259719694,0.0396169307095352,-0.0097931642568132,0.497429287084914,0.000827246142436566,0.0284115620786818,0.02195100289599,,,0.389665575105195,0.334419862346937
1929,21.45,0.97,1.61,0.338457823567289,0.0303,0.0467,0.0595,0.034,,0.165812105550496,0.0441174919207045,0.00182971382102615,0.720592940172763,0.0340994673898469,0.0327300406531015,0.13337838833823,,,-0.0760399439139976,-0.109361421820424
1930,15.34,0.98,0.97,0.554745412565318,0.0148,0.0452,0.0671,0.033,,0.119841856279572,0.0222688308883621,-0.060665090951681,0.307847488400242,0.0464291951069971,0.079750524585996,0.0718041091091101,,,-0.263309508801197,-0.296230883531844
1931,8.12,0.82,0.61,1.17073170731707,0.0241,0.0532,0.1042,0.0407,,0.00441953653101918,0.0114596453416093,-0.0957114940881706,0.144664698439477,-0.0531573492567763,-0.0185098198515257,0.15238159084159,,,-0.456487940864417,-0.490473893561608
1932,6.89,0.5,0.41,1.44208430136077,0.0004,0.0459,0.0842,0.0315,,0.00892415211411097,0.00779355543293882,-0.103577704805836,0.0372670807453416,0.16845211306616,0.108202240788899,0.28638854588313,,,-0.0914243506249442,-0.150400812093712
1933,10.1,0.44,0.44,0.829026046417351,0.0029,0.045,0.0775,0.0336,,0.0100570060082479,0.00255754545967311,0.00429858470844025,0.401055408970976,-0.000693026460363622,0.103760562667452,0.21745570938501,,,0.546496743467021,0.486509876841688
1934,9.5,0.45,0.49,0.773740868896578,0.0023,0.0381,0.0623,0.0293,,0.018970449578844,0.00278287444115368,0.0201040904214296,0.0712830957230143,0.100149978655299,0.138434460677571,0.06415358264629,,,-0.0248897392179118,-0.0611826130879354
1935,13.43,0.47,0.76,0.559911191285645,0.0015,0.0344,0.053,0.0276,,0.0120292270596645,0.00167488115727074,0.0296053183243172,0.0661959399823478,0.0499608756447232,0.0961485606603698,0.0344838977702,,,0.456681904273528,0.400595142118672
1936,17.18,0.72,1.02,0.458588104502501,0.0012,0.031,0.0453,0.0255,,0.0182309855042963,0.00172487102020016,0.0119625641867336,0.120576671035387,0.0749580625181716,0.0674428368319089,0.03055236969132,,,0.33637725157821,0.28143974594322
1937,10.55,0.8,1.13,0.707488622258999,0.0011,0.0321,0.0573,0.0273,,0.0237459040215125,0.00275794248079199,0.030851292294221,0.312371557747637,0.00232647386797713,0.027467314775123,0.09827640244424,0.0028331217,,-0.360487707011129,-0.394710864457987
1938,13.21,0.51,0.64,0.572039388442602,0.0003,0.0308,0.0527,0.0252,,0.00904649999652953,0.000649980625827766,-0.0279609208848259,0.0449227889564811,0.0551181728789774,0.0613265535655658,0.10812452811005,0.0041669638,,0.293958824706981,0.243775733889601
1939,12.49,0.62,0.9,0.580705380358691,0.0004,0.0294,0.0492,0.0226,,0.00579603107328303,0.000458320938157445,-0.00499317622051043,0.0854898336414048,0.0594971434080567,0.039662760073133,0.06367630396241,0.0060740339,,-0.0109079026649296,-0.0564850425973222
1940,10.58,0.67,1.05,0.729047510104477,0.0002,0.0271,0.0445,0.0194,,0.0106832922017246,0.00035832545169448,0.0095121420204376,0.118711545421643,0.060922431084991,0.0339408515603159,0.04715126218788,0.0042619728,,-0.0971375094201912,-0.150949127462168
1941,8.69,0.71,1.16,0.889509733237203,0.0033,0.028,0.0438,0.0204,,0.0124099610223165,0.0012915669230313,0.096548983184048,0.114209320091673,0.00931820804883343,0.0273141837330371,0.02223569815211,0.0034469828,,-0.111662134329815,-0.174751344362589
1942,9.77,0.59,1.03,0.862646566164154,0.0038,0.0281,0.0428,0.0246,,0.00180001182132641,0.00342449992556424,0.0924356396357435,0.123800383877159,0.0321784289666984,0.0259811378905512,0.01789785702765,0.0051009425,,0.2083276380694,0.128504284970574
1943,11.67,0.61,0.94,0.78740157480315,0.0038,0.0274,0.0382,0.0248,,0.0195324012344714,0.00379939846032261,0.0313356268174421,0.164305949008499,0.0208788998996512,0.0283259345317397,0.01618015790236,0.0019623979,,0.265410220430237,0.202031122891894
1944,13.28,0.64,0.93,0.743763575330744,0.0038,0.027,0.0349,0.0246,,0.00793110231501945,0.00379939846032261,0.021012203647099,0.16452442159383,0.0281508916581878,0.0473218912541693,0.00803270929363,0.0035223172,,0.210263150046796,0.149992917595792
1945,17.36,0.66,0.96,0.613239334404645,0.0038,0.0261,0.031,0.0199,-0.073195211914528,0.0213726910126836,0.00379939846032261,0.0224158663484126,0.211740041928721,0.107309038915868,0.0407567428448168,0.01551972603957,0.0043280057,,0.362362442630702,0.305367297553195
1946,15.3,0.71,1.06,0.692437923250564,0.0038,0.0261,0.0317,0.0212,0.026601197799669,0.0512072295840144,0.00379939846032261,0.178703429810843,0.318482101705331,-0.000841923749764661,0.0172295564090006,0.04453228566805,0.0017810408,,-0.0879420274430557,-0.124126601602715
1947,15.3,0.84,1.61,0.725325678957827,0.0095,0.0286,0.0352,0.0243,0.047476071400209,0.0302440800647335,0.00600660632308277,0.0892673083748388,0.23962986598596,-0.0262746614758886,-0.0233638347142341,0.01882285784112,0.0047609245,0.0348254595,0.0490480131827848,-0.00653022084680699
1948,15.2,0.93,2.29,0.840947546531303,0.0116,0.0279,0.0353,0.0237,0.03894316409953,0.0151536312013568,0.0104454359330523,0.0266629283662489,0.15714044849098,0.0338501478551179,0.0413587870772847,0.02134572026189,0.0016330103,0.0352387868,0.0527557506354119,-0.00848823267067878
1949,16.76,1.14,2.32,0.796429283861959,0.011,0.0258,0.0331,0.0209,0.030179410284127,0.0268473420982054,0.0111448090658483,-0.0181688529344975,0.191869112543381,0.0643905296981975,0.0330876243146421,0.01182847056223,0.004252018,0.0292330227,0.178517890819113,0.0956534512792659
1950,20.41,1.47,2.84,0.722538441933566,0.0134,0.0267,0.032,0.0224,-0.008244031047855,0.0314836493116493,0.012027267576542,0.0576290087312925,0.227022780832679,0.000504830012713065,0.0211518120556231,0.02112084023753,0.0056625153,0.0347022515,0.329582989831141,0.230071424480317
1951,23.77,1.41,2.44,0.721316346618133,0.0173,0.0301,0.0361,0.0269,-0.001459680158445,0.0359244798255475,0.0151653609565274,0.0584651303588613,0.264823666192998,-0.039421605282188,-0.0269030904448295,0.01168819498266,0.0041468933,0.032760046,0.234192025736249,0.160200263880212
1952,26.57,1.41,2.4,0.694073312778349,0.0209,0.0297,0.0351,0.0279,0.001474009588565,0.0265095279171368,0.0172125552547199,0.00876420331466155,0.202497114678418,0.011693102066427,0.0352092236086079,0.00638299263373,0.0034459187,0.0320722164,0.189394856390047,0.122883339525945
1953,24.81,1.45,2.51,0.759700961196155,0.016,0.0313,0.0374,0.0274,-0.004633226647488,0.0246631972968,0.0188931617533063,0.0062021667742147,0.20397842211733,0.0362581935715129,0.034114424685753,0.00813907780938,0.0027933096,0.0332964322,-0.0170750687812893,-0.0730100982298129
1954,35.98,1.54,2.77,0.604119785355721,0.0115,0.029,0.0345,0.0272,0.003544931213505,0.0260005989386704,0.00937956630095503,-0.00499525713660642,0.213197436166859,0.0717764677628063,0.0538584852914359,0.00839198597274,0.0028454745,0.031809162,0.526129758446654,0.449426395013104
1955,45.48,1.64,3.62,0.50982800982801,0.0254,0.0315,0.0362,0.0295,-0.015760126777264,0.0258071745940838,0.0172368158396385,0.00372432662951216,0.275390625,-0.0128344888622374,0.00479736976698519,0.02194690628593,0.00024379918,0.0359555812,0.313281137615335,0.257992023481273
1956,46.67,1.74,3.41,0.544176827437083,0.0321,0.0375,0.0437,0.0345,-0.021235491194551,0.0254330132753531,0.0262459319657163,0.0285213389862342,0.268488892951824,-0.0559421648828613,-0.0681462677673459,0.01396664901908,0.00096984129,0.0346058908,0.0645652937409156,0.0219467412135761
1957,39.99,1.79,3.37,0.653675778649957,0.0304,0.0381,0.0503,0.0323,-0.007285549944181,0.034887397542461,0.0322066064889205,0.0301722026988014,0.227001009238413,0.0746646690966177,0.0871354575590526,0.01710293229952,0.0006679271,0.0332939654,-0.108357544223329,-0.147419395022863
1958,55.21,1.75,2.89,0.511779319797824,0.0277,0.0408,0.0485,0.0382,-0.00272123353986,0.0236855322701751,0.017693028295782,0.0175569494139076,0.164835164835165,-0.0610620353910043,-0.0221699116159708,0.00859318951523,0.0015858124,0.029550815,0.437871506006843,0.383221056518788
1959,59.89,1.83,3.39,0.457783796514367,0.0449,0.0458,0.0528,0.0447,-0.001281680228064,0.0229989877467198,0.033809152009266,0.0149655680065923,0.262439725043603,-0.0226635570066009,-0.00966789583132788,0.00846801408202,0.0009753718,0.0315456512,0.123364443081458,0.0875469655074643
1960,58.11,1.95,3.27,0.550422965139879,0.0225,0.0435,0.051,0.038,0.006003801648141,0.02314900117923,0.0287967432722034,0.0147410354436637,0.204155997636399,0.137933943430489,0.0906649154707446,0.00999693006137,-0.0013625136,0.0313569811,0.00533558348458918,-0.0289785591998046
1961,71.55,2.02,3.19,0.505922258391006,0.026,0.0442,0.051,0.0415,-0.002291435927893,0.0206453828618305,0.0235185609911516,0.00670522102675064,0.284412032816773,0.00967842672510733,0.0481831888010691,0.00643570792716,-0.0022107435,0.031874943,0.270868835685202,0.232665265410851
1962,63.1,2.13,3.67,0.591627051065788,0.0287,0.0424,0.0492,0.0395,0.001186767118117,0.0208222778063394,0.0277013159781818,0.0122093745926397,0.162167211583372,0.0688294892686656,0.0794503633446488,0.0272787584373161,-0.0027965748,0.0327760006,-0.0875063133625282,-0.118615769149493
1963,75.02,2.28,4.02,0.525591454223737,0.0352,0.0435,0.0485,0.0417,0.00053991798003,0.00893838699044831,0.0315498922558886,0.0164588877512504,0.11147433801896,0.0121436447908792,0.0219487475661388,0.00741263314371186,-0.0014968686,0.034785458,0.22704716239034,0.187870151495157
1964,84.75,2.5,4.55,0.487227300287143,0.0384,0.0444,0.0481,0.0423,-0.009551146235007,0.023053756925248,0.035414316072183,0.0118783157352043,0.221465931074013,0.0351170289674503,0.0477231317942597,0.00279458845948267,-0.0023805734,0.036988781,0.166691729949665,0.132001761804631
1965,92.43,2.72,5.19,0.430637806161402,0.0438,0.0468,0.0502,0.045,-0.013924816238991,0.020768512543727,0.0394267283294414,0.0191954881543712,0.142071035517759,0.00701936978601525,-0.00456793896748131,0.00458919260571269,-0.00081288747,0.0418833124,0.126118059964777,0.0920901369687501
1966,80.33,2.87,5.55,0.576945105575991,0.0496,0.0539,0.0618,0.0455,-0.003485457133788,0.0171859796384177,0.0485263492731578,0.0334736751810638,0.139047197476899,0.0364500828326439,0.00195291993673785,0.0139352897097998,-0.000049878855,0.0417958033,-0.10196590977844,-0.13206763759806
1967,96.47,2.92,5.33,0.525792445117168,0.0497,0.0619,0.0693,0.0556,-0.024169269388085,0.0142490269285175,0.0429887948974322,0.0303788379490488,0.1146866682797,-0.0917652651649794,-0.0495058681788044,0.00698939051795418,0.0029522247,0.0389886942,0.239670944133336,0.200882138738782
1968,103.86,3.07,5.76,0.504900662251656,0.0596,0.0645,0.0723,0.0598,-0.033824741950413,0.0319477245303556,0.0532646361875739,0.0471437755909188,0.208640626422653,-0.00257377747590115,0.0257391321468925,0.00739945375952661,0.0023475611,0.0390149605,0.108411610981296,0.0744369323956391
1969,92.06,3.16,5.78,0.651082013094108,0.0782,0.0772,0.0865,0.0687,-0.009947357121628,0.0342605971826029,0.0664808230737212,0.0609188826246849,0.313951314362637,-0.0507360148753789,-0.0809043138961316,0.0100154306841011,0.00082225183,0.0391496839,-0.0831182290644414,-0.11309488234085
1970,92.15,3.12,5.13,0.646426357697993,0.0487,0.0764,0.0912,0.0648,-0.007215695346414,0.0315364736013069,0.0637446595135006,0.054782072133426,0.222884141331142,0.121021806970932,0.183713790227419,0.023043385595985,0.0015125012,0.0355365775,0.0399595762787546,0.00167792525630661
1971,102.09,3.07,5.7,0.643900247135475,0.0401,0.0725,0.0838,0.0597,-0.023708226633962,0.0338925733269055,0.0432457627276958,0.0335240990795875,0.287447327567088,0.132367216268185,0.110125859896848,0.0104616708267776,0.0022538795,0.0358054485,0.144642799371159,0.109243729187905
1972,118.05,3.16,6.42,0.595674594615792,0.0507,0.0708,0.0793,0.0599,-0.032335597930988,0.0342805004703352,0.0406546851988792,0.0340626359586336,0.311294897156613,0.0568244211901516,0.0725975174837348,0.00636160188713697,0.00031144652,0.038381203,0.191059039976802,0.157557325808422
1973,97.55,3.4,8.16,0.755588463436993,0.0745,0.0768,0.0848,0.0726,-0.027425095444617,0.0128410744096243,0.0701070876645588,0.0875638595086554,0.333083765086401,-0.0111038792164253,0.0113949647197749,0.0250687114283016,-0.0006401994,0.04040391,-0.147971915211204,-0.174802264115528
1974,68.56,3.62,8.89,1.12001817473712,0.0715,0.0889,0.1063,0.076,0.003843424588192,0.00889536494412208,0.0780445977671213,0.121372546567549,0.163064474027669,0.0434264930190931,-0.030617512511582,0.0480428346376114,-0.00083048791,0.0365592112,-0.264193631510523,-0.296625546584627
1975,90.19,3.69,7.96,0.876338851022396,0.0544,0.0879,0.1056,0.0805,-0.000158498113788,0.0235935605723178,0.0576107531513553,0.0699122197543154,0.202599873176918,0.0918688771725986,0.14644256327734,0.0242633906200242,-0.00046511563,0.0328406161,0.369532185978869,0.313567979925752
1976,107.46,4.09,9.91,0.779973124968895,0.0435,0.0798,0.0912,0.0721,-0.00398128969711,0.0286909816840755,0.0496385747673705,0.0479994701968673,0.207928029238122,0.167645110214351,0.186468693793516,0.0124671305287926,-0.0011227041,0.0341219851,0.239163090398148,0.191265502880325
1977,95.1,4.71,10.89,0.960333024531685,0.0607,0.0819,0.0899,0.0803,0.00157913762604,0.0305013730648818,0.0525748094096214,0.0674841386487481,0.218935901249256,-0.00698854750346267,0.0170977831892929,0.00825975334572484,-0.0018338899,0.0369638618,-0.0742804605938177,-0.116903220165088
1978,96.11,5.12,12.33,1.04570129563608,0.0908,0.0916,0.0994,0.0898,-0.000699586488376,0.0147348053876055,0.0716653409185062,0.0899182468078637,0.219449152542373,-0.0116586902594554,-0.000703563104524352,0.0158011387395969,-0.0015481539,0.0410214207,0.0639969677315653,0.00946491834924146
1979,107.94,5.7,14.86,1.06195006795908,0.1204,0.1074,0.1206,0.1012,-0.004263968163651,0.0103823171396761,0.100266938113241,0.132330994701192,0.220056738691124,-0.0125031159434282,-0.0420041054847022,0.011823023808777,-0.00037113093,0.0405598303,0.186005073006987,0.122759007928959
1980,135.76,6.24,14.82,0.891503023890289,0.1549,0.1321,0.1514,0.1199,-0.010369789967191,0.0269436676873914,0.113770826963304,0.123246940372338,0.278024289300495,-0.0395298639636583,-0.0275652600551682,0.0273419059748118,0.0010201575,0.0378569437,0.325971159678327,0.259774197469363
1981,122.55,6.65,15.36,1.06114285714286,0.1085,0.1423,0.1655,0.1334,-0.000592890177224,0.0120069048248113,0.139425998125242,0.0890098124555174,0.362175136803303,0.0185697055695062,-0.0123619323631896,0.0181306742602546,-0.0012794664,0.0390614715,-0.0487789823082537,-0.0965079321982486
1982,140.64,6.89,12.64,0.932214726622967,0.0794,0.1183,0.1414,0.1095,0.001971168202499,0.0030100517011931,0.105654922085273,0.0385410810390363,0.364753902706831,0.403503691412613,0.425618992977578,0.0334409250389763,-0.0013463488,0.0332308478,0.221516344296723,0.153876618658271
1983,164.93,7.12,14.03,0.700359117777919,0.09,0.1257,0.1375,0.1197,0.019474193560301,0.0269866107731416,0.0858000621459299,0.0378783523564319,0.430007753295151,0.0065190631292682,0.0625857638204426,0.0178707692746362,-0.0016937271,0.0355815837,0.223033766234818,0.170288282741033
1984,167.24,7.57,16.64,0.733098376486708,0.0806,0.1213,0.134,0.117,0.010688510496985,-0.0271530397076593,0.0948471758285269,0.0394572354234271,0.170737412378991,0.154924979792003,0.168601576991455,0.0162509715852172,-0.0011276635,0.0389127283,0.0669004694712352,0.0184214962882916
1985,211.28,7.94,14.61,0.59269268816231,0.071,0.1016,0.1158,0.0956,0.013388440726515,-0.0195978152778126,0.0745585238063385,0.0376537928169476,0.176455390546979,0.309711450052542,0.300908897869741,0.010517739825645,-0.001721356,0.03788436,0.320081777330118,0.266153884644187
1986,242.17,8.3,14.48,0.498430865792874,0.0553,0.0849,0.0997,0.0789,0.00053132510204,-0.00995595403044277,0.0596332450501079,0.0112479719203673,0.16473415536112,0.245212378800556,0.198474772457004,0.0216761635778033,-0.0022403247,0.0346734592,0.18065002475309,0.138588565241778
1987,247.08,8.505,17.5,0.50881201549388,0.0577,0.1011,0.1129,0.092,0.012693464574332,0.0133418784589731,0.0576111974519732,0.0442419914162431,0.150406824960953,-0.0271656845243659,-0.0026759108630926,0.103327014755368,-0.0027006902,0.034290794,0.0514713009820407,0.0163946405419599
1988,277.72,9.73,23.75,0.465283573968099,0.0807,0.0957,0.1065,0.0918,0.013277068121351,-0.0216391555943691,0.0664878486638272,0.0440988367653519,0.114644401178443,0.096665851987302,0.107041209426372,0.0292620231888307,-0.0022913172,0.0346288503,0.169508209015041,0.120606744265351
1989,353.4,11.05,22.87,0.390454743571117,0.0763,0.0886,0.0982,0.0816,0.017500087175932,-0.0123201635936192,0.0808430628637551,0.0463661612729862,0.0977872384359143,0.180974997531327,0.16231363408277,0.0172388835029789,-0.0029288342,0.0347825589,0.313931063088814,0.267450144019272
1990,330.22,12.09,21.34,0.484496859883204,0.0674,0.0905,0.1043,0.0844,0.035184255089857,-0.001736933622542,0.0746998857815371,0.0608498923266285,0.0783453263859412,0.0616924995474466,0.067827348958827,0.0254501898477262,-0.0023382328,0.032935414,-0.032031357965863,-0.0660374372108744
1991,417.09,12.2,15.97,0.420344417340154,0.0407,0.0831,0.0926,0.073,0.025125849246406,0.0316383707632633,0.0536285955461874,0.0305910514521956,0.152766952455183,0.192649399816808,0.198889667662776,0.020679680574122,-0.0012532164,0.0304819616,0.306783185271176,0.266005888371667
1992,435.71,12.38,19.09,0.394109614198953,0.0322,0.0798,0.0881,0.0726,0.019899476497585,0.0388164547518132,0.0342670911614871,0.0289587592727925,0.150194881769174,0.0805357963526654,0.0939343373680661,0.00942246298254912,-0.0011115236,0.0323958936,0.0773200100715621,0.0460148436394829
1993,466.45,12.58,21.89,0.305267222909008,0.0306,0.0693,0.0769,0.0654,0.027207025740903,0.0458527222264818,0.029937607694168,0.0274381999033764,0.144115071813451,0.18234581828597,0.131850039994765,0.00741788363758152,-0.001012497,0.0341831571,0.0988631994369622,0.0686940196778529
1994,459.27,13.18,30.6,0.29156830000676,0.056,0.0846,0.091,0.0799,0.039890543225427,0.0166568397368696,0.0423892481686417,0.0267092578614567,0.120390284740425,-0.0777707762670656,-0.0576106963335507,0.00965228473873915,-0.00057600688,0.036080241,0.0134898768807095,-0.0146777142178707
1995,615.93,13.79,33.96,0.255026382939535,0.0514,0.0682,0.0749,0.0603,0.021741510797057,0.0155830237694227,0.0547746316474734,0.02534132175398,0.121240719657063,0.316564928681778,0.272042354652533,0.00642715066230655,-0.00014660419,0.0370685343,0.37644392865296,0.342424501472208
1996,740.74,14.9,38.73,0.2073427296955,0.0491,0.072,0.0789,0.0673,0.015476612619923,0.0232343480765924,0.0499541842482933,0.033162420225505,0.19866586409042,-0.00918455376842697,0.0140156702761634,0.0140776111619563,-0.00039675518,0.0393883126,0.232287102215969,0.205480671138257
1997,970.43,15.49,39.72,0.178800884204059,0.0516,0.0676,0.0732,0.0602,-0.001204694219105,0.0152869303609638,0.0505018881133892,0.0169991830447036,0.142700116697415,0.158659370852994,0.129494216085763,0.0332000709758229,-0.00088877898,0.0412894775,0.336038827346651,0.312734259656117
1998,1229.23,16.2,37.71,0.173611315365501,0.0439,0.0622,0.0723,0.0542,-0.019879948958671,0.0198134819756282,0.0476713736236154,0.016104073792363,0.12065860340439,0.130704036874004,0.107555639993961,0.0412581205597054,-0.0010338728,0.0428014127,0.293202321557909,0.273932311772591
1999,1469.25,16.69,48.17,0.147167259434962,0.052,0.0755,0.0819,0.0682,-0.035231702871493,0.0166377688018016,0.0462936182656365,0.0267892261131983,0.138456050033097,-0.0898988411022563,-0.0745425946346626,0.0326778594751529,0.000064278,0.0428954588,0.213496062890964,0.197744045362912
2000,1320.28,16.27,50,0.151851503649205,0.0577,0.0721,0.0802,0.0558,-0.015086444918995,-0.00535181654568772,0.0580259005953552,0.033777383196232,0.140989561399017,0.214934372438822,0.128545365283127,0.0492165642640031,-0.00052485301,0.042964631,-0.0833822380217006,-0.0939324292796169
2001,1148.08,15.74,24.69,0.131217845913788,0.0169,0.0677,0.0805,0.0575,0.002836801649052,0.0156393369018924,0.0338307653942373,0.0154373185259225,0.0865431157110418,0.0370275224205652,0.106366571816322,0.0456056964019334,-0.0013361672,0.0365034007,-0.118897438548228,-0.130679438215581
2002,879.82,16.077,27.59,0.295385895618367,0.0119,0.0621,0.0745,0.0484,0.006921067792598,0.0310384918635631,0.0160308120226542,0.0237148884325751,0.0820276579846127,0.178413927605908,0.166415175243986,0.0676923204902948,-0.0041443054,0.0328219422,-0.217783544425393,-0.230613259937675
2003,1111.92,17.385,48.74,0.218739864754122,0.009,0.0562,0.066,0.0515,-0.017437262865558,0.00739500300738188,0.010104030145328,0.018755168335193,0.0724230891214716,0.00895939559012238,0.0527255505840436,0.0292607788837301,,0.0333758952,0.287151094425173,0.264139312499702
2004,1211.92,19.44,58.55,0.270619242678992,0.0219,0.0547,0.0615,0.0484,-0.022528785133177,0.0130463051007891,0.0138024074695993,0.032555615843733,0.0782974619176233,0.0849731843933295,0.087211543434518,0.012291435615,,0.0344671074,0.109835831890287,0.0874065096917656
2005,1248.29,22.22,69.93,0.313477956613016,0.0389,0.0537,0.0632,0.0461,-0.019456953792018,0.00373587443404869,0.0319233947895332,0.0341565948502365,0.0510712081217644,0.0780755925034837,0.0587227306100488,0.0105405863936672,,0.0350107696,0.0519734130052922,0.0327220538200748
2006,1418.3,24.881,81.51,0.281682399714358,0.0485,0.0532,0.0622,0.0491,-0.001276584016501,-0.0158778680662487,0.0483039936974681,0.0254065040650404,0.0491233387407844,0.0117595391250092,0.0323553590740773,0.010061516331,,0.035348664,0.156720214648135,0.135024753348886
2007,1468.3552,27.731,65.29,0.250582973142723,0.03,0.0549,0.0665,0.045,0.012826697731026,-0.041698603490931,0.0444106125570201,0.0408126858275519,0.0775829192666737,0.0989279627637807,0.0258900171364995,0.025359754979,,0.0363571075,0.0574904107819905,0.0375497919312584
2008,903.25,28.387,14.88,0.354984224721098,0.0003,0.0505,0.0843,0.0303,0.017857538490969,-0.0262692719488405,0.0137333409850247,0.000914129006455822,0.216639682566314,0.258617705949863,0.0878964638827531,0.16848865502,,0.0330785397,-0.364638792022327,-0.379658296504678
